userid,label
517827,0.14589560732981008
422260,0.15736477544879915
